<?xml version="1.0"?>
<doc>
    <assembly>
        <name>SoftwareDevelopment.Programming.CSharp.ObjectMapper</name>
    </assembly>
    <members>
        <member name="T:SoftwareDevelopment.Programming.CSharp.ObjectMapper.Implementations.ObjectMapper`1">
            <summary>
            Generic ObjectMapper class allowiing for mapping SQL query result to client POCO object or collection of objects.
            </summary>
            <typeparam name="T">source object for ObjectMapper class</typeparam>
        </member>
        <member name="M:SoftwareDevelopment.Programming.CSharp.ObjectMapper.Implementations.ObjectMapper`1.TryInitalizeDatabaseConnection(System.String,System.Data.SqlClient.SqlConnection@,System.Boolean,System.Nullable{System.Security.Cryptography.RSAParameters})">
            <summary>
            Tries to establish connection to a database for subsequent mapping operation.
            This method is only required to be invoked, if you need to connect to database to execute a query.
            </summary>
            <param name="databaseConnectionStringKey">App.config ConnectionStrings' section key</param>
            <param name="connectionToInitialize">SqlConnection object to initialize</param>
            <param name="encrypted">specifies whether connection string is encrypted</param>
            <param name="userRsaPrivateKey">RSAParameters user private key to provide decryption capabilities</param>
            <returns></returns>
        </member>
        <member name="M:SoftwareDevelopment.Programming.CSharp.ObjectMapper.Implementations.ObjectMapper`1.MapSqlQueryResultToObject(`0,System.String,System.Data.SqlClient.SqlConnection,System.Data.CommandType,System.Int32,System.Data.CommandBehavior,System.Boolean)">
            <summary>
            Maps SQL query result to client object.
            </summary>
            <param name="objectInstance">ObjectMapper's source object instance</param>
            <param name="sqlQuery">SQL query to execute against a database</param>
            <param name="opendConnectionInstance">instance of SqlConnection object which is by this time already opened</param>
            <param name="commandType">specifies type of SQL command</param>
            <param name="commandTimeout">specifies command timeout</param>
            <param name="commandBehavior">specifies command behaviour</param>
            <param name="closeDataReader">specifies command close IDataReader object after all data has been read</param>
            <returns>List of T</returns>
        </member>
        <member name="M:SoftwareDevelopment.Programming.CSharp.ObjectMapper.Implementations.ObjectMapper`1.MapSqlQueryResultToObject(System.Collections.Generic.List{`0},System.String,System.Data.SqlClient.SqlConnection,System.Data.CommandType,System.Int32,System.Data.CommandBehavior,System.Boolean)">
            <summary>
            Maps SQL query result to client object.
            </summary>
            <param name="objectInstanceList">collection of ObjectMapper's source object instance</param>
            <param name="sqlQuery">SQL query to execute against a database</param>
            <param name="opendConnectionInstance">instance of SqlConnection object which is by this time already opened</param>
            <param name="commandType">specifies type of SQL command</param>
            <param name="commandTimeout">specifies command timeout</param>
            <param name="commandBehavior">specifies command behaviour</param>
            <param name="closeDataReader">specifies command close IDataReader object after all data has been read</param>
            <returns>List of T</returns>
        </member>
        <member name="P:SoftwareDevelopment.Programming.CSharp.ObjectMapper.Implementations.ObjectMapper`1.Instance">
            <summary>
            Provides singleton for ObjectMapper.
            </summary>
        </member>
    </members>
</doc>
